sheet_id	fingerprint	asset_ids
futuristic-hud	50aa3844d8ef8fb5	fhud-011,fhud-023,fhud-024,fhud-025,fhud-030,fhud-035,fhud-036,fhud-037,fhud-038,fhud-039,fhud-043,fhud-044,fhud-045,fhud-047,fhud-059,fhud-060,fhud-068,fhud-075,fhud-078,fhud-085,fhud-093,fhud-100,fhud-101,fhud-102,fhud-103,fhud-104,fhud-105,fhud-106,fhud-117,fhud-118,fhud-119,fhud-126,fhud-133,fhud-149,fhud-154,fhud-165,fhud-183,fhud-184,fhud-185,fhud-186,fhud-187,fhud-188
futuristic-ui-elements	b53837be0f7c7c5	fue-001,fue-008,fue-021,fue-022,fue-023,fue-024,fue-025,fue-026,fue-030,fue-035,fue-047,fue-048,fue-049,fue-050,fue-051,fue-053,fue-054,fue-055,fue-056,fue-057,fue-062,fue-072,fue-086,fue-090,fue-091,fue-092,fue-093,fue-094,fue-100,fue-101,fue-114,fue-120,fue-121,fue-122,fue-129,fue-130,fue-131,fue-132,fue-133,fue-134,fue-135,fue-136,fue-143,fue-149,fue-150,fue-151,fue-152,fue-158,fue-159,fue-165,fue-170,fue-171,fue-183,fue-184,fue-203,fue-204,fue-205,fue-206,fue-207,fue-208,fue-210,fue-211,fue-212,fue-213,fue-214
retro-futuristic-ui	5fbc734cd74adb27	retro-002,retro-003,retro-004,retro-006,retro-008,retro-009,retro-010,retro-011,retro-013,retro-015,retro-025,retro-026,retro-027,retro-028,retro-034,retro-035,retro-036,retro-037,retro-038,retro-039,retro-040,retro-041,retro-052,retro-053,retro-054,retro-055,retro-056,retro-057,retro-058,retro-059,retro-064,retro-065,retro-066,retro-067,retro-068,retro-082,retro-107,retro-114,retro-115,retro-116,retro-117,retro-143,retro-144,retro-145,retro-146,retro-148,retro-150,retro-151,retro-152,retro-153,retro-154,retro-155,retro-157,retro-158,retro-169,retro-173,retro-175,retro-176,retro-180,retro-182,retro-193,retro-194,retro-197,retro-201,retro-202,retro-218,retro-219,retro-220,retro-222,retro-223,retro-226,retro-227
game-hud-icons	e738e406bd2bbc4b	game-003,game-004,game-005,game-007,game-008,game-009,game-010,game-011,game-012,game-020,game-021,game-022,game-023,game-024,game-025,game-032,game-033,game-034,game-035,game-036,game-040,game-041,game-042,game-043,game-044,game-045,game-055,game-062,game-063,game-064,game-065,game-066,game-069,game-070,game-071,game-072,game-073,game-078,game-079,game-080,game-081,game-082
hud-design	7a12a7dd5bdd01e3	hdd-002,hdd-014,hdd-015,hdd-016,hdd-017,hdd-018,hdd-019,hdd-020,hdd-021,hdd-022,hdd-023,hdd-024,hdd-036,hdd-037,hdd-038,hdd-039,hdd-040,hdd-041,hdd-042,hdd-043,hdd-044,hdd-046,hdd-047,hdd-057,hdd-058,hdd-065,hdd-066,hdd-067,hdd-068,hdd-069,hdd-070,hdd-071,hdd-072,hdd-073,hdd-074,hdd-075,hdd-076,hdd-077,hdd-078,hdd-079,hdd-080,hdd-112,hdd-114,hdd-115,hdd-116,hdd-117
hud-elements	24d25cadaad23c58	hdel-001,hdel-002,hdel-003,hdel-004,hdel-005,hdel-006,hdel-007,hdel-008,hdel-009,hdel-010,hdel-011,hdel-012,hdel-013,hdel-014,hdel-015,hdel-016,hdel-017,hdel-018,hdel-019,hdel-020,hdel-021,hdel-022,hdel-024,hdel-025,hdel-030,hdel-031,hdel-032,hdel-033,hdel-034,hdel-036,hdel-037,hdel-038,hdel-039,hdel-040,hdel-041,hdel-043,hdel-044,hdel-045,hdel-046,hdel-047,hdel-048,hdel-049,hdel-051,hdel-052,hdel-053,hdel-054,hdel-055,hdel-056,hdel-057,hdel-058,hdel-059,hdel-062,hdel-063,hdel-064,hdel-065,hdel-066,hdel-067,hdel-068,hdel-069,hdel-070,hdel-071,hdel-072,hdel-073,hdel-074,hdel-075
hud-collage	59b9adb6c3534493	hcol-002,hcol-003,hcol-004,hcol-005,hcol-007,hcol-008,hcol-009,hcol-010,hcol-011,hcol-012,hcol-013,hcol-014,hcol-015,hcol-016,hcol-017,hcol-018,hcol-019,hcol-020,hcol-021,hcol-022,hcol-023,hcol-024,hcol-025,hcol-026,hcol-027,hcol-028,hcol-029,hcol-030,hcol-031,hcol-032,hcol-033,hcol-035,hcol-036,hcol-037,hcol-038,hcol-039,hcol-040,hcol-041,hcol-042,hcol-043,hcol-044,hcol-057,hcol-059,hcol-060,hcol-061,hcol-062,hcol-063,hcol-064,hcol-065,hcol-066,hcol-067,hcol-068,hcol-069,hcol-070
ui-collage	85e5015c6f187fd8	uic-002,uic-004,uic-005,uic-006,uic-007,uic-008,uic-009,uic-010,uic-011,uic-012,uic-015,uic-016,uic-017,uic-018,uic-019,uic-020,uic-022,uic-024,uic-026,uic-028,uic-030,uic-031,uic-032,uic-033,uic-034,uic-035,uic-038,uic-041,uic-042,uic-043,uic-044,uic-045,uic-046,uic-047,uic-048,uic-049,uic-057,uic-058,uic-059,uic-060,uic-061,uic-062,uic-063,uic-064,uic-075,uic-076,uic-077,uic-078,uic-079,uic-080,uic-081,uic-089,uic-090,uic-091,uic-092,uic-093,uic-100,uic-102,uic-104,uic-105,uic-109,uic-110,uic-111,uic-112,uic-113,uic-114,uic-115,uic-116,uic-145,uic-146,uic-147,uic-148,uic-149,uic-150,uic-151,uic-152,uic-153,uic-168,uic-169,uic-170,uic-171,uic-172,uic-173,uic-174,uic-175,uic-176,uic-177,uic-188,uic-192,uic-193,uic-194,uic-200,uic-201,uic-202,uic-203,uic-210,uic-211,uic-212,uic-213,uic-214
tech-interface	d6130fa8968bac37	tech-001,tech-002,tech-003,tech-004,tech-005,tech-006,tech-007,tech-008,tech-009,tech-010,tech-011,tech-012,tech-013,tech-014,tech-015,tech-016,tech-017,tech-018,tech-019,tech-020,tech-021,tech-023,tech-024,tech-025,tech-026,tech-027,tech-028,tech-029,tech-030,tech-031,tech-032,tech-033,tech-034,tech-035,tech-036,tech-037,tech-038,tech-039,tech-040,tech-041,tech-042,tech-043,tech-044,tech-045,tech-046,tech-047,tech-048,tech-049,tech-050,tech-052,tech-053,tech-054,tech-055,tech-056,tech-057,tech-058,tech-059,tech-060,tech-061,tech-062,tech-063,tech-064,tech-077,tech-078,tech-079,tech-080,tech-081,tech-082
